{"cameraMode":{"drawMode":0,"name":"Shaded","section":"Shading Mode"},"sceneLighting":true,"audioPlay":false,"sceneViewState":{"showFog":true,"showMaterialUpdate":true,"showSkybox":true,"showFlares":true,"showImageEffects":true,"showParticleSystems":true},"in2DMode":false,"pivot":{"x":1522.2161865234375,"y":1471.39111328125,"z":50.39453125},"rotation":{"x":0.00031024200143292546,"y":0.0014948337338864804,"z":3.952405052132235e-7,"w":1.0000051259994507},"size":1602.177001953125,"orthographic":false}