{"cameraMode":{"drawMode":0,"name":"Shaded","section":"Shading Mode"},"sceneLighting":false,"audioPlay":false,"sceneViewState":{"showFog":true,"showMaterialUpdate":true,"showSkybox":false,"showFlares":true,"showImageEffects":true,"showParticleSystems":true},"in2DMode":false,"pivot":{"x":-2.3570122718811037,"y":0.7490234375,"z":-3.4174232482910158},"rotation":{"x":0.7214726805686951,"y":-0.042471181601285937,"z":0.044427212327718738,"w":0.6897152662277222},"size":2.096911668777466,"orthographic":true}