{"cameraMode":{"drawMode":0,"name":"Shaded","section":"Shading Mode"},"sceneLighting":false,"audioPlay":false,"sceneViewState":{"showFog":true,"showMaterialUpdate":true,"showSkybox":false,"showFlares":true,"showImageEffects":true,"showParticleSystems":true},"in2DMode":false,"pivot":{"x":1048.984130859375,"y":1411.4552001953125,"z":181.6875},"rotation":{"x":0.06177065521478653,"y":-0.002999075222760439,"z":0.0001848412211984396,"w":0.9980881214141846},"size":2462.50537109375,"orthographic":false}