{"cameraMode":{"drawMode":0,"name":"Shaded","section":"Shading Mode"},"sceneLighting":false,"audioPlay":false,"sceneViewState":{"showFog":true,"showMaterialUpdate":true,"showSkybox":false,"showFlares":true,"showImageEffects":true,"showParticleSystems":true},"in2DMode":false,"pivot":{"x":858.225341796875,"y":1478.699951171875,"z":0.0},"rotation":{"x":0.06177065521478653,"y":-0.002999075222760439,"z":0.0001848412211984396,"w":0.9980881214141846},"size":300.05999755859377,"orthographic":false}