{"cameraMode":{"drawMode":0,"name":"Shaded","section":"Shading Mode"},"sceneLighting":false,"audioPlay":false,"sceneViewState":{"showFog":true,"showMaterialUpdate":true,"showSkybox":false,"showFlares":true,"showImageEffects":true,"showParticleSystems":true},"in2DMode":false,"pivot":{"x":-47.91998291015625,"y":1045.4000244140625,"z":0.0},"rotation":{"x":0.06177065521478653,"y":-0.002999075222760439,"z":0.0001848412211984396,"w":0.9980881214141846},"size":154.5056610107422,"orthographic":false}